Industry,Topic Categorization,news type
BPO & CX Outsourcing Market Trends,Company Finances & Results,"- Includes quarterly/annual earnings, profitability, revenue trends, capital raises, IPO filings, or financial outlooks."
BPO & CX Outsourcing Market Trends,Crisis/Bankruptcy & Insolvency,"- Covers restructuring events, debt defaults, distressed asset acquisitions, or formal insolvency proceedings."
BPO & CX Outsourcing Market Trends,Infrastructure Projects & Initiatives,"- Includes renewable energy plants, smart grids, city gas networks, data centers, or any new physical infrastructure investments."
BPO & CX Outsourcing Market Trends,"Mergers, Acquisitions & Asset Transfers","- Captures completed or pending M&A deals, asset sales/acquisitions, reverse takeovers, or major consolidation activities."
BPO & CX Outsourcing Market Trends,"Expansion, Collaborations & Strategic Alliances","- Focuses on joint ventures, strategic partnerships, international alliances, geographic expansion, or market-entry moves."
BPO & CX Outsourcing Market Trends,New Technologies & AI Adoption,"- Encompasses digital transformation, AI, machine learning, smart technologies, fintech innovations, and digital infrastructure deployments."
BPO & CX Outsourcing Market Trends,Customer Service & Experience Innovations,"- Includes AI-powered support, chatbots, call center upgrades, omnichannel enhancements, or customer engagement tools."
BPO & CX Outsourcing Market Trends,Regulatory Developments & RFP / RFI Announcements,"- Covers new regulations, government tenders, public-private bids, MOUs, licensing updates, and industry standards."
BPO & CX Outsourcing Market Trends,Accounts Receivable / Payable & Operational Efficiency,"- Covers AR/AP optimization, payment reforms, billing innovations, or process efficiency improvements."
BPO & CX Outsourcing Market Trends,Digital Transformation & AI,"� sector-wide AI, cloud, and automation adoption."
BPO & CX Outsourcing Market Trends,Compliance Monitoring,"� data privacy, call center compliance, industry audits."
BPO & CX Outsourcing Market Trends,New Projects / Initiatives,"� pilot programs, innovation labs, digital centers of excellence."
Competitive Intelligence & Market Movement,Company Finances & Results,"- Includes quarterly/annual earnings, profitability, revenue trends, capital raises, IPO filings, or financial outlooks."
Competitive Intelligence & Market Movement,Crisis/Bankruptcy & Insolvency,"- Covers restructuring events, debt defaults, distressed asset acquisitions, or formal insolvency proceedings."
Competitive Intelligence & Market Movement,Infrastructure Projects & Initiatives,"- Includes renewable energy plants, smart grids, city gas networks, data centers, or any new physical infrastructure investments."
Competitive Intelligence & Market Movement,"Mergers, Acquisitions & Asset Transfers","- Captures completed or pending M&A deals, asset sales/acquisitions, reverse takeovers, or major consolidation activities."
Competitive Intelligence & Market Movement,"Expansion, Collaborations & Strategic Alliances","- Focuses on joint ventures, strategic partnerships, international alliances, geographic expansion, or market-entry moves."
Competitive Intelligence & Market Movement,New Technologies & AI Adoption,"- Encompasses digital transformation, AI, machine learning, smart technologies, fintech innovations, and digital infrastructure deployments."
Competitive Intelligence & Market Movement,Customer Service & Experience Innovations,"- Includes AI-powered support, chatbots, call center upgrades, omnichannel enhancements, or customer engagement tools."
Competitive Intelligence & Market Movement,Regulatory Developments & RFP / RFI Announcements,"- Covers new regulations, government tenders, public-private bids, MOUs, licensing updates, and industry standards."
Competitive Intelligence & Market Movement,Accounts Receivable / Payable & Operational Efficiency,"- Covers AR/AP optimization, payment reforms, billing innovations, or process efficiency improvements."
Competitive Intelligence & Market Movement,Digital Transformation & AI,"� sector-wide AI, cloud, and automation adoption."
Competitive Intelligence & Market Movement,Compliance Monitoring,"� data privacy, call center compliance, industry audits."
Competitive Intelligence & Market Movement,New Projects / Initiatives,"� pilot programs, innovation labs, digital centers of excellence."
CX & Contact-Center Initiatives,Company Finances & Results,"- Includes quarterly/annual earnings, profitability, revenue trends, capital raises, IPO filings, or financial outlooks."
CX & Contact-Center Initiatives,Crisis/Bankruptcy & Insolvency,"- Covers restructuring events, debt defaults, distressed asset acquisitions, or formal insolvency proceedings."
CX & Contact-Center Initiatives,Infrastructure Projects & Initiatives,"- Includes renewable energy plants, smart grids, city gas networks, data centers, or any new physical infrastructure investments."
CX & Contact-Center Initiatives,"Mergers, Acquisitions & Asset Transfers","- Captures completed or pending M&A deals, asset sales/acquisitions, reverse takeovers, or major consolidation activities."
CX & Contact-Center Initiatives,"Expansion, Collaborations & Strategic Alliances","- Focuses on joint ventures, strategic partnerships, international alliances, geographic expansion, or market-entry moves."
CX & Contact-Center Initiatives,New Technologies & AI Adoption,"- Encompasses digital transformation, AI, machine learning, smart technologies, fintech innovations, and digital infrastructure deployments."
CX & Contact-Center Initiatives,Customer Service & Experience Innovations,"- Includes AI-powered support, chatbots, call center upgrades, omnichannel enhancements, or customer engagement tools."
CX & Contact-Center Initiatives,Regulatory Developments & RFP / RFI Announcements,"- Covers new regulations, government tenders, public-private bids, MOUs, licensing updates, and industry standards."
CX & Contact-Center Initiatives,Accounts Receivable / Payable & Operational Efficiency,"- Covers AR/AP optimization, payment reforms, billing innovations, or process efficiency improvements."
CX & Contact-Center Initiatives,Digital Transformation & AI,"� sector-wide AI, cloud, and automation adoption."
CX & Contact-Center Initiatives,Compliance Monitoring,"� data privacy, call center compliance, industry audits."
CX & Contact-Center Initiatives,New Projects / Initiatives,"� pilot programs, innovation labs, digital centers of excellence."
Fashion / Retail / E-Commerce,Company Finances & Results,"- Includes quarterly/annual earnings, profitability, revenue trends, capital raises, IPO filings, or financial outlooks."
Fashion / Retail / E-Commerce,Crisis/Bankruptcy & Insolvency,"- Covers restructuring events, debt defaults, distressed asset acquisitions, or formal insolvency proceedings."
Fashion / Retail / E-Commerce,Infrastructure Projects & Initiatives,"- Includes renewable energy plants, smart grids, city gas networks, data centers, or any new physical infrastructure investments."
Fashion / Retail / E-Commerce,"Mergers, Acquisitions & Asset Transfers","- Captures completed or pending M&A deals, asset sales/acquisitions, reverse takeovers, or major consolidation activities."
Fashion / Retail / E-Commerce,"Expansion, Collaborations & Strategic Alliances","- Focuses on joint ventures, strategic partnerships, international alliances, geographic expansion, or market-entry moves."
Fashion / Retail / E-Commerce,New Technologies & AI Adoption,"- Encompasses digital transformation, AI, machine learning, smart technologies, fintech innovations, and digital infrastructure deployments."
Fashion / Retail / E-Commerce,Customer Service & Experience Innovations,"- Includes AI-powered support, chatbots, call center upgrades, omnichannel enhancements, or customer engagement tools."
Fashion / Retail / E-Commerce,Regulatory Developments & RFP / RFI Announcements,"- Covers new regulations, government tenders, public-private bids, MOUs, licensing updates, and industry standards."
Fashion / Retail / E-Commerce,Accounts Receivable / Payable & Operational Efficiency,"- Covers AR/AP optimization, payment reforms, billing innovations, or process efficiency improvements."
Fashion / Retail / E-Commerce,Digital Transformation & AI,"� sector-wide AI, cloud, and automation adoption."
Fashion / Retail / E-Commerce,Compliance Monitoring,"� data privacy, call center compliance, industry audits."
Fashion / Retail / E-Commerce,New Projects / Initiatives,"� pilot programs, innovation labs, digital centers of excellence."
Financial Services & Banking,Company Finances & Results,"- Includes quarterly/annual earnings, profitability, revenue trends, capital raises, IPO filings, or financial outlooks."
Financial Services & Banking,Crisis/Bankruptcy & Insolvency,"- Covers restructuring events, debt defaults, distressed asset acquisitions, or formal insolvency proceedings."
Financial Services & Banking,Infrastructure Projects & Initiatives,"- Includes renewable energy plants, smart grids, city gas networks, data centers, or any new physical infrastructure investments."
Financial Services & Banking,"Mergers, Acquisitions & Asset Transfers","- Captures completed or pending M&A deals, asset sales/acquisitions, reverse takeovers, or major consolidation activities."
Financial Services & Banking,"Expansion, Collaborations & Strategic Alliances","- Focuses on joint ventures, strategic partnerships, international alliances, geographic expansion, or market-entry moves."
Financial Services & Banking,New Technologies & AI Adoption,"- Encompasses digital transformation, AI, machine learning, smart technologies, fintech innovations, and digital infrastructure deployments."
Financial Services & Banking,Customer Service & Experience Innovations,"- Includes AI-powered support, chatbots, call center upgrades, omnichannel enhancements, or customer engagement tools."
Financial Services & Banking,Regulatory Developments & RFP / RFI Announcements,"- Covers new regulations, government tenders, public-private bids, MOUs, licensing updates, and industry standards."
Financial Services & Banking,Accounts Receivable / Payable & Operational Efficiency,"- Covers AR/AP optimization, payment reforms, billing innovations, or process efficiency improvements."
Financial Services & Banking,Digital Transformation & AI,"� sector-wide AI, cloud, and automation adoption."
Financial Services & Banking,Compliance Monitoring,"� data privacy, call center compliance, industry audits."
Financial Services & Banking,New Projects / Initiatives,"� pilot programs, innovation labs, digital centers of excellence."
Talent & Geography Insights (Geo & Recruitment Angle),Company Finances & Results,"- Includes quarterly/annual earnings, profitability, revenue trends, capital raises, IPO filings, or financial outlooks."
Talent & Geography Insights (Geo & Recruitment Angle),Crisis/Bankruptcy & Insolvency,"- Covers restructuring events, debt defaults, distressed asset acquisitions, or formal insolvency proceedings."
Talent & Geography Insights (Geo & Recruitment Angle),Infrastructure Projects & Initiatives,"- Includes renewable energy plants, smart grids, city gas networks, data centers, or any new physical infrastructure investments."
Talent & Geography Insights (Geo & Recruitment Angle),"Mergers, Acquisitions & Asset Transfers","- Captures completed or pending M&A deals, asset sales/acquisitions, reverse takeovers, or major consolidation activities."
Talent & Geography Insights (Geo & Recruitment Angle),"Expansion, Collaborations & Strategic Alliances","- Focuses on joint ventures, strategic partnerships, international alliances, geographic expansion, or market-entry moves."
Talent & Geography Insights (Geo & Recruitment Angle),New Technologies & AI Adoption,"- Encompasses digital transformation, AI, machine learning, smart technologies, fintech innovations, and digital infrastructure deployments."
Talent & Geography Insights (Geo & Recruitment Angle),Customer Service & Experience Innovations,"- Includes AI-powered support, chatbots, call center upgrades, omnichannel enhancements, or customer engagement tools."
Talent & Geography Insights (Geo & Recruitment Angle),Regulatory Developments & RFP / RFI Announcements,"- Covers new regulations, government tenders, public-private bids, MOUs, licensing updates, and industry standards."
Talent & Geography Insights (Geo & Recruitment Angle),Accounts Receivable / Payable & Operational Efficiency,"- Covers AR/AP optimization, payment reforms, billing innovations, or process efficiency improvements."
Talent & Geography Insights (Geo & Recruitment Angle),Digital Transformation & AI,"� sector-wide AI, cloud, and automation adoption."
Talent & Geography Insights (Geo & Recruitment Angle),Compliance Monitoring,"� data privacy, call center compliance, industry audits."
Talent & Geography Insights (Geo & Recruitment Angle),New Projects / Initiatives,"� pilot programs, innovation labs, digital centers of excellence."
Technology & AI Innovation,Company Finances & Results,"- Includes quarterly/annual earnings, profitability, revenue trends, capital raises, IPO filings, or financial outlooks."
Technology & AI Innovation,Crisis/Bankruptcy & Insolvency,"- Covers restructuring events, debt defaults, distressed asset acquisitions, or formal insolvency proceedings."
Technology & AI Innovation,Infrastructure Projects & Initiatives,"- Includes renewable energy plants, smart grids, city gas networks, data centers, or any new physical infrastructure investments."
Technology & AI Innovation,"Mergers, Acquisitions & Asset Transfers","- Captures completed or pending M&A deals, asset sales/acquisitions, reverse takeovers, or major consolidation activities."
Technology & AI Innovation,"Expansion, Collaborations & Strategic Alliances","- Focuses on joint ventures, strategic partnerships, international alliances, geographic expansion, or market-entry moves."
Technology & AI Innovation,New Technologies & AI Adoption,"- Encompasses digital transformation, AI, machine learning, smart technologies, fintech innovations, and digital infrastructure deployments."
Technology & AI Innovation,Customer Service & Experience Innovations,"- Includes AI-powered support, chatbots, call center upgrades, omnichannel enhancements, or customer engagement tools."
Technology & AI Innovation,Regulatory Developments & RFP / RFI Announcements,"- Covers new regulations, government tenders, public-private bids, MOUs, licensing updates, and industry standards."
Technology & AI Innovation,Accounts Receivable / Payable & Operational Efficiency,"- Covers AR/AP optimization, payment reforms, billing innovations, or process efficiency improvements."
Technology & AI Innovation,Digital Transformation & AI,"� sector-wide AI, cloud, and automation adoption."
Technology & AI Innovation,Compliance Monitoring,"� data privacy, call center compliance, industry audits."
Technology & AI Innovation,New Projects / Initiatives,"� pilot programs, innovation labs, digital centers of excellence."
Telecom / Travel / Consumer Services,Company Finances & Results,"- Includes quarterly/annual earnings, profitability, revenue trends, capital raises, IPO filings, or financial outlooks."
Telecom / Travel / Consumer Services,Crisis/Bankruptcy & Insolvency,"- Covers restructuring events, debt defaults, distressed asset acquisitions, or formal insolvency proceedings."
Telecom / Travel / Consumer Services,Infrastructure Projects & Initiatives,"- Includes renewable energy plants, smart grids, city gas networks, data centers, or any new physical infrastructure investments."
Telecom / Travel / Consumer Services,"Mergers, Acquisitions & Asset Transfers","- Captures completed or pending M&A deals, asset sales/acquisitions, reverse takeovers, or major consolidation activities."
Telecom / Travel / Consumer Services,"Expansion, Collaborations & Strategic Alliances","- Focuses on joint ventures, strategic partnerships, international alliances, geographic expansion, or market-entry moves."
Telecom / Travel / Consumer Services,New Technologies & AI Adoption,"- Encompasses digital transformation, AI, machine learning, smart technologies, fintech innovations, and digital infrastructure deployments."
Telecom / Travel / Consumer Services,Customer Service & Experience Innovations,"- Includes AI-powered support, chatbots, call center upgrades, omnichannel enhancements, or customer engagement tools."
Telecom / Travel / Consumer Services,Regulatory Developments & RFP / RFI Announcements,"- Covers new regulations, government tenders, public-private bids, MOUs, licensing updates, and industry standards."
Telecom / Travel / Consumer Services,Accounts Receivable / Payable & Operational Efficiency,"- Covers AR/AP optimization, payment reforms, billing innovations, or process efficiency improvements."
Telecom / Travel / Consumer Services,Digital Transformation & AI,"� sector-wide AI, cloud, and automation adoption."
Telecom / Travel / Consumer Services,Compliance Monitoring,"� data privacy, call center compliance, industry audits."
Telecom / Travel / Consumer Services,New Projects / Initiatives,"� pilot programs, innovation labs, digital centers of excellence."
Utilities & Energy,Company Finances & Results,"- Includes quarterly/annual earnings, profitability, revenue trends, capital raises, IPO filings, or financial outlooks."
Utilities & Energy,Crisis/Bankruptcy & Insolvency,"- Covers restructuring events, debt defaults, distressed asset acquisitions, or formal insolvency proceedings."
Utilities & Energy,Infrastructure Projects & Initiatives,"- Includes renewable energy plants, smart grids, city gas networks, data centers, or any new physical infrastructure investments."
Utilities & Energy,"Mergers, Acquisitions & Asset Transfers","- Captures completed or pending M&A deals, asset sales/acquisitions, reverse takeovers, or major consolidation activities."
Utilities & Energy,"Expansion, Collaborations & Strategic Alliances","- Focuses on joint ventures, strategic partnerships, international alliances, geographic expansion, or market-entry moves."
Utilities & Energy,New Technologies & AI Adoption,"- Encompasses digital transformation, AI, machine learning, smart technologies, fintech innovations, and digital infrastructure deployments."
Utilities & Energy,Customer Service & Experience Innovations,"- Includes AI-powered support, chatbots, call center upgrades, omnichannel enhancements, or customer engagement tools."
Utilities & Energy,Regulatory Developments & RFP / RFI Announcements,"- Covers new regulations, government tenders, public-private bids, MOUs, licensing updates, and industry standards."
Utilities & Energy,Accounts Receivable / Payable & Operational Efficiency,"- Covers AR/AP optimization, payment reforms, billing innovations, or process efficiency improvements."
Utilities & Energy,Digital Transformation & AI,"� sector-wide AI, cloud, and automation adoption."
Utilities & Energy,Compliance Monitoring,"� data privacy, call center compliance, industry audits."
Utilities & Energy,New Projects / Initiatives,"� pilot programs, innovation labs, digital centers of excellence."
